id,string
0,ভালো করে ট্রাই করেন পাবেন..
1,এতো বানান ভুল করছেন বারে
2,যা শুরু করছেন ভাই?
3,মারাত্মা অনেক সুন্দর পোস্ট।
4,"এতো কিছুর দরকার হয় না… জাস্ট সিম্যাম ফ্ল্যাশ ইন্সটল… আর এই সিস্টেম এ অন্য ইমোজি মারলে ফেসবুক, মেসেঞ্জার এর জন্য ইমোজি মেসেঞ্জার ওদের নিচেঞ্জার ওদের ইমোজি মেসেঞ্জার ওদের নিচেদের ইমোজিই শো করবে"
5,শাওমি রেডমি ৬ এ রিয়ে হয়না 
6,জি ইনশাল্লাহ।
7,আজাইরা পোস্ট আরে হ্যাক হয়
8,এখন তো নেটফ্লিক্স থেকে ডাউনলোড করা যায় না
9,আপনি ট্রাই করা দেখছেন
10,আমি ২-৩ মিনিট আগেই জয়েন হলাম
11,এক ধর্মের থেকেই.. আমি দেখি আপনিও দেখেননি .. পরের অল মাস্ট। তাহলে
12,এইটা ভিতাল??
13,একাউন্ট ব্লকড হলে কি করবো এটা নিয়ে একটা পোস্ট দেন ব্রো
14,২ ফোন এই কি ওয়াইফাই এর রিয়েল স্পিড পাওয়া যাবে..??
15,"এটা থেকে ওও”” অ্যাপসন ""” অ্যাপটা বেস্ট…"
16,ভাই….অথরপ হয়না
17,ব্রো আপনি যে কোয়ালিটি গুলো শেয়ার করেছেন সব একটা সাইট থেকে ডাউনলোড
18,ভাইয়া কোন সিম দিয়ে এটা ইউজ করা যাবে এমবি ছাড়া?
19,১০-১৩ সেকেন্ড লাগছিল 
20,বাংলাদেশ এ কবে আসেন কি
21,১০০% ওয়ার্কিং পোস্ট
22,ভয় পেবেন না
23,আপনার মত এরকম মনের মানুষকে সম্মান করি
24,আমার তো থাকে না
25,ডিরেক্ট লিংক দিলে ভালো হয়
26,বেস্ট টিভি অ্যাপ এটা দিয়ে আমাদের অফিসিয়াল এ আমি ডিজিট দিছি ফ্রি ফুল
27,এন্ড্রোয়েড এ আমার মাইক্রো ও কীবোর্ড ২ টাই আছে।সো কীবোর্ড দিয়ে গেম খেলা যায় এমন কোনো গেম আছে
28,এক্সপায়ারড হয়ে গেছে…আগেই…আর লেখা আছে ২০২০০ পর্বত
29,একাউন্ট ব্লক হয়ে গেছে ভাই
30,ভাই কন্টাক্ট মি ১৫$ সেল হবে……রেটে ৯২টাকা সেটাতে নিয়া………আর এমনি ২-৫$ নাম্বার ৯৫টক বাটে ৯৫টক....
31,দোস্ত
32,আপনার পোস্ট টা পড়তেসিলাম এন্ড অনেক আনন্দিত হচ্ছিলাম।
33,ট্রিকবিডি কপি দিছে এখানে কিছু করার নেই..!
34,আমি সঠিক ডাটা পেয়ে যাচ্ছি সেটাও কি কম
35,"ভাইয়া, পিসি রিডার্স অ্যাপস গুলা প্রো করে দিবেন।নি পোস্ট এয়ার"
36,মামাসের কোনো মূল্য নাই ভাই এই দিছে
37,ওদের একদিন বিকাশ হবে ভাই
38,২৪ ঘন্টা হলো এখনো পালাম না। 
39,হুম যা বুঝলাম
40,আপনার এন্ড্রোয়েড এর বিট কতো?
41,এপিকে আপডেট কন্টাক্ট দিলে সময় নিবে একটু!
42,আপনি কি কোনো দিন ভিপিএন করছিলান ?
43,এই অ্যাপ টার কথা মানুষ ভুলে গেছে
44,ইমো হয়না কেন?
45,যে কেউ সেলফি দিলে হবে।সত্যা নেই
46,"ভাই।এটা কি কোনো পোস্ট হইলো,,,,,"
47,ভাইয়া এফবি ভিপিএন মোড ভার্সন টা দিন প্লিজ
48,আর আমি আপনাকে বলি নাই ট্রিকবিডি তে নতুন সে কারনে হইক কমেন্ট করতে আব চেঞ্জ করতেও জানেন না
49,"হুম, চলে…"
50,বড় ভাই এটা তো প্রো ভার্সন না
51,"আরেকট বড় করে দিলে, ভালো "
52,ফ্রি ফায়ার এর এডমিন নিয়ে পোস্ট করবেন প্লিজ
53,পিসি এর জন্য অ্যাপ মোড করে দেন
54,টেস্ট ৩র্ড পার্টি এর কাছে থাকে নাকি? আই মাইন্ড কোন রিস্ক্রাইস আছে কিনা?
55,বাংলাদেশ সার্ভার দিতে পারবেন
56,আমি অনেক ট্রাই করছি
57,আপনি স্টক রম ডাউনলোড দিয়া 
58,"ইয়েস এপ্লাইড, এন্ড্রোইড ভার্সন ৯, অ্যাপ ইনস্টল ই হয় না"
59,এই অ্যাপ টাতো ওল্ড ভার্সন
60,ফ্রি নেট চলবে কি ?
61,আমি জানি না
62,মানে এটা করার কি দরকার আছে ?
63,কম্পিউটার বানা ফুল এক্সসেপ্ট ইউজ না করে নিজে বানান এন্ড ইউজ করুন সাইনআপ করুন
64,কি হইছে ভাই
65,বট টা কি আপনার ?
66,এন্ড্রোয়েড এর জন্য কোনো অ্যাপ থাকলে শেয়ার কইরেন
67,গেম এর রেডমি কোড…. মাঝে মাঝে মাঝলে অফার আসছে
68,আমাকে রিয়েলপার এ হয় না পারলে একটা ফিক্স দেন রিয়েল্মিশন
69,লিংক ওয়ার্ক আসছেনা
70,ভাই ডাউনলোড হয় না
71,ওল্ড পোস্ট এ কিভাবে প্লে পয়েন্ট কাজ করে সব আছে…..
72,হতে পারে বাট আমি ভিডমেট ইউজার
73,জানি ব্রো & ~ইস
74,এই মোবাইল আরো অনেক আগে বের হইছে
75,ফালতু পোস্ট করার আর সময় পছন্দ শুধু সবু মজা শুধু শুধু এমবি গুলা নষ্ট রোজার দিন আর কিছু বললাম না
76,আপনি কোন ফোন ইউজ করেন 
77,স্টিকার গুলা বেশি ভালো লাগলো ..
78,আচ্ছা ভাই
79,ল্যাবএইড এ দেখুন অনেকেই আছে
80,কিছু দেয়া ইনশাল্লাহ ভালো ই চলছে আমি ইউজ করতাছি
81,আমি সিউর না
82,আপনের প্রোফাইল এ দেখলাম লিখা
83,আপনার ফোন এর সাথে কোয়ালিটি কি না সেটা আগে চেক করে নিন
84,থ্যাংক ইউ ভাই
85,১ সেট ৩ জিবি দেখায় বাট ১ জিবি দেয়
86,ইমো বেটা ডাউনলোড করে নাম আসবে না
87,আজব তো… এগুলা পোস্ট ও আবার দিতে হয়
88,এত সময় নষ্টের মূল্য কারণ
89,"জিমেইল এড্রেস এ কি শুধু ফটো এ শো করবে? আই মিড, লোকেশন শো করবে না?"
90,অসাধারণ পোস্ট
91,এডিট করা শিখিয়ান। তখন থেকে আপনাকে ফলো করতেছি।এখন থেকে আপনাকে ফলো করতেছি।এখন থেকে আপনাকে ফলো করতেছি।এখন থেকে আপনাকে ফলো করতেছি।
92,আমি নিজের সেটিং নিয়ে বানাই! কারো এক্সসেপ্ট নিয়ে আর ইউজ করতে হয় না!
93,"ভাই,আপনার ব্রাউসার এ সমস্যা।অনেও কারণ তো প্রব্লেম হচ্ছে না"
94,এটা রিভিউ ভাই। ডাউনলোড এর
95,বাংলাদেশ এর চ্যানেলস গুলা তে ব্যাফারিং নাই
96,এগুলা মিক্সসেবল মডেল। কিভাবে জিপসড মোড ট্রাই করতে হবে
97,ফ্রি ফায়ার পায় কি রকম দেয়?
98,আমি ও তাই সুন্দরসি। আমার কাছে আছে। কিন্তু এখনো ট্রাই করিনি।
99,লিংক ওয়ার্ক আসছেনা
100,গুগল সার্চ করেন
101,ভাই….নেকি বলে শাওমি সেট নাকি ব্ল্যাক হয়???
102,আপনি কেউ এফবি তে আপনার আইডি কেনা 
103,এহেড ভাই
104,আলাদা কি সেটাই বলেন
105,অপশন নাই
106,৫.০ ভার্সন হলে হবে ভাই
107,হর্চ মুভি যদি দেয়া তবুও ধন্যবাদ
108,কে গালি দিলো ?
109,হুম বুঝলাম নাহ
110,এক্সডা-দেভাপার এ এই ব্রাউসার এর একটা গুড মোড আছে। তার ডাউনলোড লিংক টা দিবেন প্লিজ। আমি ডাউনলোড করতে পারছি না।
111,সিরিয়াস ব্যাংক হ্যাক করুন
112,টার ড্রাইভ লিংক দেন 
113,আজ একটা ফোনে নাই বলে আপনার রিভিউ করা অ্যাপস টা ইউজ করতে পারলাম না।
114,আপনার পোস্ট দেখি নাই…
115,ব্লকিং সাইট কোড কপি করে কাজ করা যাবে কি এটা দিয়ে?
116,আমার ভালোই লাগে
117,আমি পাই নাই। যেকোনো টিপ মেইল দিয়ে মেইল ক্রিয়েট করে ইউজ করতে পারেন।
118,ডাউনলোড হচ্ছে না তো
119,"হুম,ধন্যবাদ"
120,আপনি কতো ওয়াইফাই ইউজ করেন??
121,এই মোবাইল আরো অনেক আগে বের হইছে।
122,আপনি আমার কথা বুঝেন নাই 
123,"আগেই এডিট করা হয়েছে,ট্রিক এ ভুল ছিল"
124,আপনি সট লিংক দিছেন কেনো
125,শেয়ার করার জন্য থাঙ্কস
126,ফ্রি থাকলে কিছু দেন কথা বলার জন্য ?
127,এর জন্য…. কোনো রুট লাগবে না…. কোনো রুট লাগবে না…. এন্ড্রোইড ওয়াইফাই সেটিং এ গিয়ে… অটো বাদ দিয়া মাইডিয়া ম্যাক্সিক্স করে…. আইপি এর পোর্ট দিয়া দিলেই হবে…
128,আবালতুর ও একটা লিমিট আছে। অনেক নিউ নিউ মুভি বাট দিয়া পুরানো মুভি বানানো কথা বলতাছে।
129,ধন্যবাদ
130,১২৯৯০ টাকায় রিয়েলমি ৫ই 
131,এডু মেইল লাগবে
132,লিংক ঠিক করেন ভাই
133,১স্ট লিংক টা দেখুন এখন… ডাটা হবে..
134,আপনার রে কি পাঠান খারাপ কামরাইছে….
135,আপনি জানলেউ সবাই জানেনা 
136,আমি অনেক দিন হলো ইউজ করছি
137,উইন্ডোজ এর জন্য এরকম একটা হাইড স্পিড ভিপিএন দরকার…আশা করি নেক্সট পোস্ট এ পাবো
138,ইনস্টল করে দেখতে হবে…
139,থ্যাংকস ভাইয়া সুন্দর কমেন্ট করার জন্য
140,সুন্দর পোস্ট
141,আমারও পেয়েজার পছন্দ না 
142,হুম। আপনাকেও থাঙ্কস ফর নাইস কমেন্টার… পাস থাকবেন
143,এখন তো প্রিমিয়াম মেম্বার ছাড়া ডাউনলোড হচ্ছে না
144,এই খান থেকে ভিডিও নামালে আমার প্লেয়ার অ্যাপস চাইবে নাকি প্লে করার জন্য?? নাকি সব ভিডিও আগের মতো এমএক্স প্লেয়ার এ প্লে হবে??
145,আমি কি আমার চোবি পরইবারন করতে পারবো
146,ভাই ৭ দিন পর আবার কিভাবে ইউজ করবো??
147,অ্যাকাউন্ট এর কোনো প্রব্লেম হবে??
148,আগে এই নিয়ে পোস্ট করা হয়েছে
149,ওয়াইফাই হ্যাক হবে
150,ভাইয়া.. পোস্ট টা অনেক সুন্দর হয়েছে…
151,২৫০ এমবি লোড দিলাম অপারেটর ফেইল আসলো
152,হাডি করতে পারবেন
153,"ইনস্টল হয় না,,,"
154,এই ফোন সম্পর্কে আপনি কিছুই জানেন না 
155,যাবে কিন্তু পরে একাউন্ট অফ হয়ে যাবে
156,কাজ করে না
157,আরে ভাই এসব ফুল পোস্ট করার আগে নিজে ট্রাই করে দেখবেন যেতসব
158,আপু এফবি তে ফ্রেন্ড রিকুয়েস্ট পাঠান আপ্লাই করেন
159,বেস্ট অ্যাডস
160,২০২০ এ এসেও এইরকম আনস্মার্ট পোস্ট দেখতে হচ্ছে
161,কি চলবে?
162,জানা নাই
163,এটা কোন চোচার লিংক দিছেন ভাই.? কোনো ভাবেই ডাউনলোড করা যায় না…
164,অ্যাডভান্স পায় করা লাগবে
165,আমি মুভি এর রিভিউ করি না যে গুলা মুভি ভালো লাগে সে গুলা সবার সাথে শেয়ার করি.!!!
166,ভালোয় পোস্ট টি!
167,হুম আমি
168,যার যেটা ভালো লাগে 
169,এডিটেশন কোড টা কি ছিল (এম্বেড)লিংক ইউএসডি)
170,আইটেল এ৪৮ এ কি অটোজি সাপোর্ট করে ?
171,কপি ডাউনলোড হয় না কেন ?
172,মুভি তো ডাউনলোড লিংক নাই ওইখানে
173,চেষ্টায় আছি
174,ফাইল নট এক্সেস দেখায়
175,যেই প্রক্সি ইউজ করেছেন ওটার স্পিড এ পাবেন/...
176,এর থেকে বেটার ইউআই এর চাইনিজ অ্যাপ প্লেস্টোর এ আছে। ডিলিটেল ফ্রি
177,ধন্যবাদ আপনার মূল্যবান মূল্যবান মূল্যবান মূল্যবান মূল্যবান মূল্যবান মূল্যবান মূল্যবান মূল্যবান মূল্যবান মূল্যবান মূল্যবান মূল্যবান মূল্যবান মূল্যবান মূল্যবান মূল্যবান মূল্যবান মূল্যবান মূল্যবান মূল্যবান মূল্যবান মূল্যবান মূল্যবান মূল্যবান মূল্যবান মূল্যবান মূল্যবান মূল্যবান মূল্যবান মূল্যবান মূল্যবান মূল্যবান মূল্যবান মূল্যবান মূল্যবান মূল্যবান মূল্যবান মূল্যবান মূল্যবান মূল্যবান
178,"ভাই আপনার ফোনের ওয়ালওয়ার্ড টা কি দেয়া যাবে,,,?"
179,৬.০ ভার্সন এর নিচে কেউ ডাউনলোড করিনি না 
180,অথর ভাইয়া আমার পোস্ট টা দেখেন
181,ভাইয়া কিছু কিছু কিন পর অটো চেক হয়ে যায়..এইটা ফিক্স করবো কিভাবে ? মানে ডিরেক্ট হইম পেজ এ নিয়ে আসে
182,আপনার ফোন এর ফন্ট এর নাম কি??
183,এমন বাজে পোস্ট…
184,টেলিগ্রাম গ্রুপ এ জয়েন করেন ..পাবেন ওইখানে আমাকে..
185,৫.০ অল ফোন এ হবে 
186,"আরে ভাই, পোস্ট ভালো হলেও গুড পোস্ট, খারাপ হলেও গুড পোস্ট। আপনি কি আর কোনো কমেন্ট জানেন না…"
187,মেবি না। চেষ্টা করে দেখুন যায় কি না
188,ইউটিউব ভান্সড এ জিমেইল আইডি অ্যাড করলে কি কোনো প্রব্লেম হতে পারে..
189,এই অ্যাপ দিয়েই রুট করছি।
190,অ্যাপ্লাই করা যাচ্ছে না কেন??
191,এই পোস্ট টি ৮ মেবি তে ফেসবুক এ করা (থ্যাংকস এর আগেও অন্য জায়গাই শেয়ার করা হয়েছিল)
192,আমার কি এনআইডি কার্ড লাগবে না কার্ড নিতে অ্যাপ্লাই করতে
193,সুস্থতা খুব রিয়েলি
194,আইফোনে ১৪ রেজিস দিছে ভাই
195,ওয়াইফাই হ্যাক করার কোন ট্রিক যানা থাকলে শেয়ার করলে হেল্প হয়ে ব্রো
196,২-৩ এমবি তো মেতেই উঠে ৫ এমবি থাকবে কি?? 
197,এন্ড্রোইড ভার্সন কম হলে এই প্রব্লেম হয়। 
198,"আচ্ছা,ধন্যবাদ ভাইয়া…"
199,ভালো লাগলে লাইক দিয়েন
200,গুড পোস্ট..বাট ২টা দিক আমার খারাপ লাগলো
201,আর একটা কথা
202,আমার নিজের বিষয়ক তথ্যমত বলছি
203,দিয়া যাই না
204,ওয়াল্ড বট এর মতো সেইম বট নিয়ে পার্ট ৩ দিন ভাই
205,সব জায়গাই ইমোজি ইউজ করবেন না।
206,"আরে ভাই, লিংক ফেল দেখাই কেনো,"
207,এপিকে এডিটর দিয়ে এসডিকে ভার্সন কম করে নিন
208,দারুন পোস্ট
209,ভাইয়া আমি খুব বাইপাস এখন। মনের কারোনের কে বলেন।
210,ওইটা ইউজ করিনি
211,হুম…
212,ধুর ব্রো ফোন এ হবে না
213,কোনটা থেকে ডাউনলোড করবো?
214,ভিপিএন সার্ভারগুলো কানেক্ট হয় না কেন…?
215,আর কতো বার বলব 
216,আপনার সাথে যোগাযোগ করতে চাই 
217,আপনার কাজে এমন 
218,ভাই এখানে ডিভাইস অপসন এ আনতে পারবে না তাই আগে ডিটেলপার অপসন এর বিষয় নিয়ে একটু বলেন
219,ভাই
220,অ্যাডমিন স্যার আমি কি দোখ করছি
221,ছাড়া নাম্বার নাটক ভুল তথ্য দেয়া হয়েছে
222,ভাই...আপনার ব্লুট তো।সব টক। ১০০ কেবি।হলো সেটা একটু বুঝিয়ে বলেন
223,ইনকাম অ্যাপস বানাতে তো পোস্ট এ দেখানো যাবে না
224,আপনি কি টার্বো ভিপিএন টি ডাউনলোড করতে পারছেন না?
225,আপনার মতো বাজে লাস্টার জন্য ভালো পোস্ট ট্রিকবিডি তে শেয়ার হয়না
226,আমি ডাউনলোড করছি
227,ডিজাইন তো দেখি পুরাই আইফোনে ১৩ প্রো এর মতো। স্পিড জব ওয়াল্টন
228,অনেক সুন্দর ভাইয়া
229,৩ জনে রেফার করলে ৩০০ টাকা ৫০০কিব হয় 
230,ইনবক্স করেন
231,ভিডিও বানানো যাবে?
232,১০০% ওয়ার্কিং
233,এই তো ডিরেক্ট কপি পোস্ট
234,আমি তো সুন্দর লিখলাম…বেছি কথা বলেন কেন
235,ফেইসবুক মানে
236,ভাই ইমেইল তো লাগলো… এটা টেপ বাট টাও তো মেইল এ তাই না?
237,কানেক্ট হয় না
238,আছে ভাই অ্যাপের রোমজান বিষয় ক্লিক করার পর উপরে দেন পাশে টি টি ডট এ ক্লিক করলে পাবেন। 
239,আপনি কি ফেইসবুক কপিরাইট রিপোর্ট পারেন??
240,ভালো বাট সামনে রেকর্ড হয় না
241,আমি কি আমার ইউএস এ নাম্বার দিয়ে কল করতা পারবো
242,আচ্ছা আমি টাইটেল পড়ে নেটফ্লিক্স প্রিমিয়াম এর জন্য আসছিলাম যদি আমি সে সকল সার্ভিস (যা নেটফ্লিক্স প্রিমিয়াম এ থাকে) তা এই সাইট এ না পাই তাহলে আপনাকে অথর ভাই
243,যেমন ফেইসবুক এর টা দিছেন তামন ইমো প্যাক আছে আমার এখন ইমো এর টা দেন প্লিজ
244,যে সার্ভার এ কানেক্ট করি না কেন জাস্ট ইউএস আইপি আছে…তাছাড়াও এইটার সল্যুশন দেন
245,সেল করবো কিভাবে 
246,আমার ফোন স্যামসাং 
247,আমি তো সেসব ই বলে দিয়েছি যে নিউ আপডেট আসলে আবার ডাউনলোড করতে হবে
248,ভাই লিংক ঠিক করেন..লিংক থেকে তো ডাউনলোড ই করা যায়না
249,কষ্ট করে রিভিউ লিখুন
250,ডিটেলস এ তো ভালো করে কিছুই বললেন না
251,ভাই ভয় দেখায় না
252,মুভি সিরিয়াস বাদ দিয়ে অন্য কেইরে লাইন দেন
253,আপনার যা মনে হয় 
254,সাথে বাংলাদেশ বাংলাদেশ
255,ধন্যবাদ
256,এটা দিয়ে কি কাজ করেন?
257,আগেও ঠিক ছিল এইটা নেট প্রব্লেম করে
258,শেয়ার করেন
259,ভাই গুড পোস্ট আমার ফন্ট ও ক্রিয়েট হইছি বাট ফোন এ সেট হয় না কেনো
260,১২৯৯০ টাকায় রিয়েলমি ৫ই আছে। এসএসডি৬৬৫ প্রসেসর + ৪জিবি … কি দরকার এই সিম্ফনি কিনার
261,হাসলে হার্ড ও নাকি ভালো থাকে
262,ডাউনলোড কি খারাপ সাইট.?
263,এখন ট্রাই করুন 
264,সঠিক বলতে পারছি না
265,ভাই রুট করার সময় কি ডাটা কানেক্ট অন করা হবে....??
266,আপনারও পাবেন
267,অ্যাপ এর প্রসেস নট গুড ব্রো!
268,২/৪ মান্থ আগেই করছি 
269,আমি ও এই ভিপিএন ইউজ করি
270,ডাউনলোড লিংক ঠিক আছে।
271,"ভাই আমার এইয়ারটেল সিম এর ডাটা কানেক্ট অন হচ্ছে না, এখন কি ভাবে প্রব্লেম টা সল্ভ করবো প্লিজ বলবেন...."
272,হাহা কি দিনকাল আসলো।
273,ফোন এ ডিএনএস মোড নাই.. তারা কি করবো?
274,আমি তো ২ বার পাইছি
275,ভাই আমার ফোন এ তো ইন্সটল হচ্ছে না ফন্ট টা
276,"ধন্যবাদ ভাই,এরপর থেকে নিশ্চয় লাগতবো"
277,৩ মাস আগেও ট্রিকবিডি এর এন্ড্রোইড ৮৬০০০
278,এখন ইউজ করে দেখুন মেনি নিউ ফিচার এথিস এডস
279,গুগল স্ক্রিনশট চাই আমার
280,এখন অবিধা পারবেন না 
281,হুম ব্রো একটু জানাই
282,ডাউনলোড হচ্ছে না..
283,আপনের পোস্ট এ আছে দেখুন 
284,ইমোজি এন্ড বাংলা নেই??
285,হুম যাবে
286,ভালো কিছু শেয়ার করুন..এখনের রেডমি জিনিস জায়গায় প্রোফার করে প্রোগ্রামিং এর প্রতি নতুনের আগার হবে না…পারলে কোডিং এর মাধ্যমে কিভাবে করা যায় সে সম্বন্ধে টিউটোরিয়াল দেন
287,যে লিংক দিয়েছেন তাতে ডাউনলোড তো করতে পারলাম ই না
288,আমারও তো নাই 
289,অলরেডি পোস্ট করা হয়েছে লিংক।
290,"২ন্ড লাইন,টেস্ট নাও এই অ্যাপ নাম্বার লাগবে "
291,তাহলে?
292,"করেছেন , ধন্যবাদ"
293,আমার নিজের কোনো ওয়েবসাইট নেই
294,ভাই।অফর টা কি ৪জি সিম এর জন্য
295,ক্যাক্স করলে ক্লিয়ার দেখা যায়?
296,১জিবি র‍্যাম এর মোবাইল দিয়ে কি করবো?
297,ফার্স্ট পার্ট এ লিংক আছে ব্রো
298,১০০০ টাকা কি পাবো না আরো কম পাবো 
299,আসসাআল্লাহ
300,হালাক প্রব্লেম তো ফেইতে ভাই অ্যাডস এর চাইতে তো ভালো
301,২২এমবি এটা
302,হ্যাক করেছিলাম ৬ মাস আগে 
303,হাহা । গাজা খাইলে এই এমন টাইটেল মাথায় আসে
304,হুম .. ডাক্তারি .. এ ভাবেও অপসন টা আসলো না ..
305,কমেন্ট পড়ে তো পুরাই হতোববহু হয়ে গেছে
306,প্রব্লেম দেখাতাছে ভাই
307,বাংলাদেশী এ-সেবিং সাইট এ কেনেকটা করতে পারবেন
308,"হুম ভাই, দেন..!"
309,আবার ইনস্টল করেন
310,"ভাই, সিম্ফনি ভি৪৯ ললিপপোর্ট দিয়ে হচ্ছে না.. এটা কি আগে বুটলোডার আনলক করা লাগবে?"
311,থ্যাংক ইউ ভাই। নেক্সট পোস্ট গুলো সময় শেয়ার হতে তারপর পোস্ট করবো।
312,আপনি পোস্ট করার আরো আগেই আমি বের করছি
313,চেষ্টা করবো ভাই সাথে থাকুন
314,২-৩ এমবি তো এমনি উইথডু ইউজতে ৫ এমবি থাকবে কি?
315,এই পোস্ট আরো ১ ইয়ার আগে ট্রিকবিডি তে হয়েছিল
316,যারার পরই পোস্ট ছাড়াই অথর করে দিলে আমি যেতে পারি
317,"ফুল কপি পোস্ট,, আমি নিজে এই পোস্ট আগেই ট্রিকবিডি তে করছি,,"
318,নাম কি এটার?
319,ভাই র‍্যাম ছাড়ান রানা মুভি টা হিন্দি করে দিবেন
320,হায়রে সার্ভার
321,জে৬+ এ হবে?
322,বাঁশ দিয়ে দেন 
323,হুম। 
324,ফেইসবুক এ কানেক্ট হয়ে যাবে আপনার সাথে ?
325,হ্যাক করার জন্য এত নাম্বার কই পাবো
326,এক ফোন বা এক মোবাইলে ২ একাউন্ট করলে একাউন্ট ব্লক করে…
327,কইসের এতো থাঙ্কস
328,এখন একটু চেক করেন।
329,আমি জানি
330,আজাইরা পোস্ট বাদ দিয়া ভালো পোস্ট করেন
331,২গব এ ভিমস তো চলবে 
332,"আমার টা এন্ড্রোইড ১১, কাজ করবে..?"
333,হার্ড রিস্টোর/ফাল দিলে কি কাজ করবে?
334,আপনি ওল্ড ভার্সন ইউজ করতে পারেন 
335,আমাকে ৩ ডিসেজ
336,"আপনার মূল্যবান কমেন্ট এর জন্য থ্যাংকস। এরকম সময় এ অসংখ্য, খারাপ তো থাকবে, নষ্ট। ধৈর্য ধরে দুরে থাকা দরকার।"
337,ভিডিও প্রিন্ট ক্লিয়ার কি
338,এখন ভোপি অ্যাপ এ অ্যাকাউন্ট খুলা যাচ্ছে না
339,চ্যানেলটা ভাই সাবস্ক্রাইব করে
340,"ভাই, ভিডিওডার এ আইডি লগইন"
341,আপনি পোস্ট দিছেন ভালো 
342,ভালো হলে ভালো
343,আমি কখনো ইউজ করিনাই…পাণ্ডা প্রিমিয়াম নাই আমার কাছে
344,হিন্দি ডাবড মুভি পাওয়া যায়
345,কোন শো জানি বাল এর সাথে দিবে
346,৩) লিংক ফুল কাজ করে আমি নিজে এই মাথাও চেক করলাম
347,কোড চেঞ্জ করেন
348,আপনার পিকচারটা ভার্সন কতো??
349,আমি ওয়াইফাই হ্যাক
350,ইনবক্স এ আসেন
351,এই পোস্ট আমি ৩ মান্থ আগে করছিলাম
352,বাংলাদেশ সার্ভার ভিপিএন দিতে পারবেন
353,এই অ্যাপ ইনস্টল করার পরে ও ভিডিও লেয়ার
354,এইটা দিয়ে মেইন শেয়ারিং অ্যাপ এর সাথে শেয়ার করা যায়?
355,আপনার ফোন এ চলবে না মেবি। তাও আপনি ১স্ট লিংক টা ট্রাই করতে পারেন
356,হুম ব্রো পিসি দিয়ে করতে হবে
357,হুম। ডিলিট করেন
358,এক্সপাইক্রো কার্ড নাই
359,হাসিবল ইসলাম ফাজলার ফ্যান তোমি?হুম সুন্দর!!
360,আমার কাছেও ওই রকম ই লাগছিলো
361,ভুয়া
362,এইটা কিছু হইল
363,১০০০ক্রেডিট দিয়া বাংলাদেশী নম্বর এ কয় মিনিটস কথা বলা যাবে 
364,সিস্টেম বাট করার সময় নেই 
365,হাসা-আল্লাহ
366,ভাইয়া আপনার মেসেজ অপশন নেই…
367,এফবিপিকে ইউজ করে
368,আমার চাই না অ্যাপ্লাই অফ হ্যাক
369,আমি এরকম সমস্যা দেখলে অবশ্যই তার সমাধান সব একটা টিউনার করবো
370,ভিডিও দের
371,আমার এক ভাই এর মেক করা 
372,আরে ফার্স্ট এ ফোন স্টোরেজ ডিটেল থাকে 
373,এই টা বুঝতেসি না
374,ওয়েট করেন কয়েক আওয়ারস না হলে উপত ২৪ আওয়ারস
375,কিন্তু টাইটেল রং আই বুঝাইছেন
376,২ টা লিংক ডিরেক্ট দেয়া আছে.. ভালো করে দেখেন….
377,এসি মার্কেট
378,হুয়াওয়েই – ইউএস কে স্পিড করতেছে তার প্রোফায়ার পেয়ে গুগল।
379,আমি আপডেট ক্রোম এ ইউজ করতেছি
380,এতো বানান ভুল ভাই
381,হ্যাঁ ধন্যবাদ
382,এইগুলা পছন্দ ট্রিকবিডি হয়…..
383,ভাই অনেক খুঁজেও ওয়াল্টন সি৬ এর রিচার্জ।আইএমবি ফাইল পাই নিয়া আমাকে দিতে পারবেন ফাইল
384,স্পিড কমন
385,একাউন্ট ব্লক হবে না
386,ভাই আপনার আগেই পোস্ট টা করেছি দেখেন
387,এইটা ইউজ করতে ভালো লাগে না + বুঝানো যায় না। হাট এ একটা বাজেস্টার লাভাই
388,আমি আগেই বলছি যাদের থেকে ভিডিও লেয়ার সাপোর্ট করে না তাদের জন্য অ্যাপ ডাউনলোড করলেন আপনার তো আগেই থাকলে সাপোর্ট করতো।
389,গুগল গো তে গিয়ে দেখুন লেন্স এর আইকন রিয়ে গেছে ওইটা ক্লিক করে গুগল লেন্স অ্যাপ এর মতো কাজ করতে পারবেন।
390,এটা নিয়ে পোস্ট আছে তো।
391,ডক্টর এর পরবর্তী নিয়া উচিত যেকোনো সুন্দর সম্ভায় ।
392,টার ড্রাইভ লিংক দেন 
393,আসবে ওয়েট করুন
394,সামনেও করে যাবো
395,ভাইয়া আপনি এর আগে যে ফটো কপিরাইট করছিলেন সেখানে কি জিজ্ঞেসছিলেন?
396,১০ টাকায় সেল করবো
397,ভাইয়া আমার পিসি নাই…
398,যেইদিন পোস্ট করেছি সেদিন নিয়া লাগতো … এখন হটস্পট শেইলড প্রিমিয়াম ভিপিএন পোস্ট করেছি দেখো.. ওটা নাও
399,আসলেই ভাই একমত
400,লিংক তো ঠিক আছে ভাই
401,"পড়ার অপেক্ষণ, বন্ধুর ঘুম কোথা"
402,আপনার রিয়েল নাম কি ? 
403,ওই খান থেকে যে ফ্রি ডিএনএস আছে ঐটা ইউজ করলে চলবে না?
404,এখানে তো এমন কিছু দেখছি নাহ...
405,ভাই অ্যাপ তো ইনিস্টল হয় না ভালো একটা অ্যাপ দেন কীবোর্ড এর ফ্রন্ট গুলা যাতে স্ট্রিফুল
406,এখনকার ছেলে ফোন রিভিউ সবাই ইউটিউব এ দেখে।
407,১জিবি ললিপপপ এর জন্য হবে না 
408,প্রক্সিবিডি এর কাজ করে না। ভিডিও মেক করে ইউটিউব এ দেন পিসি মেথড।
409,আপনি ফ্রি ফায়ার খেললেন ?
410,ফ্রি ফায়ার প্লে হয় না
411,আপনের পেজেন্টার নাম কি বলেন
412,জাহি হাহা
413,"হুম, ট্রাই অনলি"
414,"পোস্ট আগাই বলেছি এন্ড্রোইড ৯, ১০, ১১ এ কাজ নাও হতে পারে"
415,এই সাইট নিয়ে পোস্ট আছে
416,ফেইসবুক এক্সপোর্ট করছেন? ১টা হেল্প দরকার।এমন কেউ থাকলে রিপ্লাই করুন।
417,ড্রাইভ এ আপলোড দিতে কি সমস্যা হয়
418,আমার ডাউনলোড করতে পারতেসি না 
419,আপনি চাইলে ঠিক করাই নিতে পারেন
420,"আমারে মুসলিম,,আপনার থেকে আরোকম পোস্ট আশা করা যায় না"
421,বেস্ট লিংক দেখছি সেইটাও পারছি বাট গুগল ড্রাইভ লিংক টা প্রব্লেম করছে…আপনি নিউ করা আবার লিংক টা অ্যাড করেন প্লিজ
422,২ ঘন্টাউ একাউন্ট থাকবে না ব্যান হয়ে যাবে।ফালতু
423,এডগার্ড এর টা ইয়েস বেশি। 
424,এডু মেইল আমি পাই নাই ব্রো…
425,আচ্ছা ব্রো তাহলে আর থেকে মানুষ হীন পোস্ট গুলো ডিলিট করলে আসুন
426,আমি আপনাদের সাথে প্রো ভেরিফাইড শেয়ার করবো ।
427,"ইন্টারনেট অপশন এ তো আছে না,, শুধু দুইটা অপসন আসে"
428,২৪ ঘন্টা হলো এখনো পালাম না 
429,এই একটা মুভি নিয়া আর কত পোস্ট দিবেন?
430,এইগুলো স্ক্রিন শট ই না…হা হা
431,আপনি যে প্রিমিয়াম ভিডমেট আপলোড দিছেন
432,ইউটিউব এর অফলাইন ভিডিও এমএক্স প্লেয়ার এ দেখার কোনো উপায় আছে কি?
433,পোস্ট টা আমার ই
434,হুম থাঙ্কস ইউ ভাই ...কতো দিন থাকবে ড্রাইভ এ ?
435,এটা আবার পোস্ট হলো নাকি।
436,সরি ভাই দিতে ভুলে দিছি
437,১২ দিন হলো
438,নাম্বার কি ফিক্স করে বুঝলাম না?
439,আমার রেফার লিংক নাই কেন
440,স্টার্ট।ইও তে এখন এক্সপিএস এর যেভাবে ডাউনলোড হচ্ছে মনে হয় না কেউ ভালো ফুল পাবে….
441,ওয়াও মজামু
442,জীবন একই
443,আমিও ওইখান থেকেই দেখছি
444,হা পারবেন
445,ফুল ভার্সন? হলে লিংক টা দেন। প্রিসেট গুলা র বাট পিকচার কি বারে কমে?
446,একটা এসএমএস এ কত পয়েন্ট লাগে
447,দেখেন আবার 
448,আপনি কি ডাক্তার?
449,আবাল নাকি ভাই….আপনি
450,জি ফেইসবুক এ তে ইনবক্স করেন
451,হাহা হইছে ভাই
452,ভিপিএন বুঝার করছি তাই ঘুর করে দিছে এখন ঠিক হয় না
453,ঠিক বলছেন
454,ফেইসবুক পেজ দেখেন দাম কমিয়ে। আশা করি শোগ্রাম এ গেলে ৬৯৯৯ রাখবে
455,"অস্থির/অক্সিআইএস টপস গুলা দিয়ে শুধু ফেইসবুক প্লিজ এর ইনফ্রেস চেঞ্জ করতে পারবেন, পাসওয়ার্ড পেতে হলে ফিশিং করতে হবে!"
456,আজাইরা পোস্ট
457,স্বাগত রাখুন মনে
458,আপনি কোন সেটিংস এর কথা বলতেছেন?
459,এটা কি হলো
460,ওইটা অ্যাডমিন দের বলতে হবে….
461,ভোপি অ্যাপস এ অ্যাকাউন্ট খুলতে প্রতিবার নতুন জিপি নাম্বার লাগবে?
462,ট্রাই করেন ভাই দয়া করি….কাউভাবে সফটওয়্যার টা কিতে পারি না সকল তাও পুরানো করতে পারি না
463,ভাই বলা লাগতো যে এফবি/বু এর ফোন এ নেট চালু করলে ডিটেলস পাওয়া যাবে ডাটা যদি খুব না করে তাহলে কিছু পাবে না
464,ডাউনলোড করলে মেমরি তে যাবে নাকি অ্যাপ এ থাকবে
465,আল্লাহ'র উপরের ভরসা রাখা রাখা ইন শা আল্লাহ ভালো হয়ে যাবে
466,বাংলাদেশ এর খেলা দেখা যাবে
467,এইটার ভার্সন কতো?
468,ভালোই তো এডিট করেছেন। আপনার একাউন্ট এ অনলাই ৪৭০ টা ফলোয়ার।বকা পেয়েছেন সবাইকে?
469,ফালতু কথা বলেন কেন …
470,ভাই টিভি দিয়া গুলা শেষে ভালো হয়
471,হুম অ্যাডস তো দেখলাম। কিছু ইনফাইল এ আসে অ্যাডমিন কিছু অ্যাডস বানাই সে দেখলাম।
472,ভাই অ্যাপ আমার না।লিংক জানলে আমি নিজেই সাইট এ দিতাম
473,আমি বলছিলাম যে ওই টা একটু ট্রাই করে দেখেন।আমার ট্রিকটা
474,জানা নাই ব্রো….আছে কি না
475,কার্ড স্ক্রিন আছে ওয়াল্টন দিলে
476,ভাইয়া আমি স্টার্টার নাই ।এখন সেটিং একাউন্ট খুলা যাবে
477,ভাই একটা অ্যাপস প্লে স্টোর এ পাবলিশ করে দিতে
478,লেখাটা জোস হইছে
479,হুম কিন্তু নিউ সেট গুলা খারাপ না
480,"আমার ও মোস্ট ফীচার এনিমে সিরিয়াস ""অনটক দিন পর ট্রিকবিডি তে মনের মতো একটা পোস্ট পড়লাম! নাইস পোস্ট ভাব????"
481,আপনার কন্টাক্ট কোনটা....ভি
482,ধুর মিয়া পাম দেয়া সম্মান
483,শো করছে আমার??
484,অনেক ভালো লাগলো পোস্ট টা পরে
485,তোকোনো ব্যাংক এর সল্যু টাকায়
486,২ টার কাজ তো আলাদা টাইপের
487,হাকে তো থাকবেই মোবাইল দিয়ে ফুল ক্লিয়ার হয় না...
488,দিন গুলো হারিয়ে যায়
489,এন্ড্রোয়েড ভার্সন কতো???
490,এর থেকে বেস্টিং এ ভালো আছে….
491,ডাটা চার্জার সম্ভবনা আছে কি ? ইএস আইডি সেফ ?
492,আছে মেসেজ দাও বলতেছি
493,জি সব কন্টাক্ট আসবে
494,আচ্ছা প্লাস নিয়ে আরোকম একটা পোস্ট করেন। অথবা টেলিগ্রাম এর এক্সপ্লাইপ এ টেলিগ্রাম। প্রবলেম এ টেলিগ্রাম এ টেলিগ্রাম এর থাকে বেশি ফীচার আছে।
495,ভালো পোস্ট ছিল বাট ডাউনলোড লিংক এর জন্য রেটিং দেওয়া উচিত। প্রতিটা ফাইল এর আলাদা আলাদা ডাউনলোড লিংক।
496,এটা আমি ভাবছিলাম পরে ..কিন্তু সাইজ রিচার্জ যে করে সেটা আমার চোখে এখন ও ডাটা দেয় নি …
497,ভাই ব্লগবাদ বন্ধ করেন
498,এফবি তে ইউজ করা যাবে কি এই কার্ড
499,এর চেয়ে ভালো কিছু নাই 
500,"১বার পাইছি,,,ম্যাক্সিমাম কতবার পাওয়া যাবে"
501,আপনার এফবি আইডি নাম বিকাশ এর এখানে মাঝুন কেন ?
502,দারুন সঠিক উচিত নাকি সারাজীব হবে ?
503,কাস্টম রম ইউজ করে দেখতে পারেন
504,এই ফ্যাক্টরি সেই ফ্যাক্টরি না 
505,পারিপুর চোবি দেখতে ভালো লাগে
506,২ন্ড লাইন অর টেক্সটওয়েব অ্যাপ ইউজ করে এনাম্বার নাম্বার চেঞ্জ করে করা যায় 
507,আমার ফোন এ ৯০% সব গুলাই ট্রাইনার 
508,আমার মোবাইল এ ভেরিফাইড কোড আসে না
509,সেকে বোস্টার শুধু ফ্রিফায়ার চলে.. ম্যাক্স / এক্সপ্লাই চলে না
510,আপনার মোবাইল এর কম্পিউটার কেমন?
511,ভাই সরি বুঝতে পারি নাই
512,এই ভার্সন এ সেটা নাই
513,হয় না ৭ ডেইস ফ্রি নাই
514,এগুলা কি সব উইদম এর কোয়ালিটি?
515,সরি ভাইয়া আসলে আমি বুঝতে পারি নাই
516,"আউ..বাট, এইটা মেইনমিস্টল.নেট এর সাথে কানেক্টেড"
517,ভিডমেট দিয়া হয়।
518,গুগল এ সার্চ করেন…পাবেন
519,লিংক ঠিক আছে ভাই তবে মাঝে মাঝে ওদের সার্ভার ডাউন হয়ে যায়
520,এত্তু ইউজার নেম এর এতভাটিভ পারচেজ কোড কই
521,বিন সেলফিন ওয়ার্কিং ম্যাক্সার কার্ড দিয়া কাজ হইছে
522,ইউপায়ার অ্যাপস গুলা প্রিমিয়াম ভার্সন দেন
523,এখান থেকে কি বিকাশ এ টাকা নিয়া যাবে?
524,এই পোস্ট পাবলিশড হই কেমনে!!
525,তেল একটু ঘরকম করে লাগাবেন
526,আমি জানি
527,আপনার ফোন এর নাম কি?
528,অলরেডি আমি ডাউনলোড দিছি 
529,৭.১ তে সাপোর্ট করে
530,ভুল
531,অ্যান্ড্রয়েড প্লে অ্যাড করেন নোট ১ এ
532,আমি যেই বিন দিয়েছি
533,একটা ফোল্ডার
534,ভালো লাগছে না
535,ইমো জানি না বাট ইউটিউব প্যাক দিয়ে চেষ্টা করে দেখেন হবে
536,এই এপিকে কি ইন্টারনেট ছাড়া চলবে?
537,নেটফ্লিক্স অ্যাপ ডাউনলোড করুন
538,স্পিড করলে যে ভেরিফাইং কোড গুলা আসে ওই মেসেজ গুলো
539,ভালো
540,আমি ওয়াট করতেছিলাম কবে আসবে মুভিটা
541,আমার পোস্ট কেনো ..
542,রেফার এ টাকা না ১০ পয়েন্ট করে দেয়
543,হয়তো আপনি ভার্চুয়াল রেম চিনেনা
544,অসাধারণ টিপস ভাই
545,এর চেয়ে ভালো কিছু নাই 
546,আমাকে অথর করুন প্লিজ । স্বাধীন ভাই?
547,আসে ভাইয়া চেষ্টা করবো
548,এই ডেবিট কার্ড দিয়ে সব কাজ করা যাবে?
549,আপনার এফবি লিঙ্ক টা দেন
550,১০০০টক মতো নিছি
551,রেডমি নোট ৭ এর জন্য আমার একটা সেফ ইমো প্রিমিয়াম অ্যাপ লাগবে।
552,আপনিও অ্যাপ্লাই করে ফেলেছেন
553,ভাই আপনার ফেইসবুক আইডি দেন
554,এইটার লঞ্চার কি ম্যাপ এ দেখা যাবে..??
555,আপনার কাছে ডাটা ফাইল 
556,ভাই এটা কি ইনফিকেশন মোডু কাজ করবে???
557,হা। নতুন করে রেজিস্টার করুন
558,ট্রাইলার প্রোফাইল কি?
559,বাল বদলায় মিয়া 
560,২টা পোস্ট এ কিভাবে আওয়ার হলে?
561,আমার এই দোত আইডি থেকে যে কোনো একটা অথর বানান প্লিজ রানা ভাই
562,ভালো লাগছে তাই তো ওটা লিখলাম
563,এই টা আমার ও হাট এ এক দিন ও ঠিক বানায় না
564,ভাই অ্যাপস টা কি মেইল করতে পারবেন
565,কোথাকার এসব ৩র্ড পার্টি অ্যাপ 
566,হা অনেক মানুষ মারা গেল 
567,আপনারও পাবেন
568,এন্ড্রোয়েড ৯ ভার্সন এ অ্যাপ নট ইনস্টল দেখায়
569,ব্রো কাজ করে
570,প্রিমিয়াম থাকলে দিন প্লিজ…
571,১০ মিলাইনতে লিংক অফ করেছি বাপ রে বাপ আমার মেইল দেন দিছে
572,ডিরেক্ট চ্যানেল আছে?
573,ফন্ট টা….এপিকে করে সেভ করা যাবে?
574,ভালো ব্রো
575,ফেইসবুক পেজ থাকলে লিংক দেন
576,আপনাকেও থ্যাংকস ভাইয়া। 
577,আপনার ওই অ্যাপ টা শেয়ার করেন ভাইয়া
578,হয় না ব্রো..
579,ভাই লিংক প্রব্লেম টা ফিক্সড করেন….. একটা লিংক ও কাজ করেনা
580,এইটার মতো পালত মুভি আমি আর দেখি নাই।বাজে ডাবড
581,আমার রেফারেশন
582,কমেন্ট করতে পারবেন না
583,ফার্স্ট এনিমে আনলক করে টরপ ফাইল ফ্ল্যাশ করেন তাইলে মাইক ইউজ করে রুট করেন
584,তাইলে ব্রো আপনি ওল্ড ভার্সন ইউজ করেন।লিংক ও ওই পেজ এ পাবেন।
585,যারা জানে না তাদের জন্য
586,ভালো কথা। হা এটা আছে। আবার আছে চ্যানেল (থ্যাংকস চ্যানেল)
587,এই অপশন আমার ফোন এ নাই 
588,আবার ট্রাই করেন ভাই 
589,টেলিগ্রাম রিলেটেড শিইতে এ গল্প পোস্ট দেয়ার কি দরকার ভাই ?
590,হ্যালো… ফ্রেন্ড আমার একটা আইডি হ্যাক করা দরকার
591,ওয়াও। এইরকম মোবাইল এ তো বেস্ট।
592,বাট এখান হইসা
593,ধন্যবাদ।
594,আপনি মনে হয় বাঁশনার মুভি এর কথা বলতেছেন…
595,আমিই বিডিট পারি
596,আমার পোস্ট এর সব লেখা আরোকম ব্লু হয় গেল 
597,হুম থাঙ্কস
598,ইনশাআল্লাহ
599,অ্যাক্সেস অফ কেন।?
600,সুন্দর
601,পাইছি
602,যে কোনো টাইপ এর অ্যাপ মেক করে নেয়ার জন্য কন্টাক্ট করতে পারেন।
603,কেমনে একটু বলবেন আগে করিয়েই শুধু দেখেই গেলাম
604,ওয়াই৯ ২০১৯ ইউজ করছে।
605,আপনি পোস্ট করছেন 
606,আচ্ছা ব্যাকআপ হওয়া পিক ফোন থেকে ডিলিট হয়ে গেলে গুগল ফটোস থেকে আবারও রিস্টোর করবো
607,একাউন্ট ব্লক হবেনা
608,আমার ফোন ও স্লো হয়ে গেছে
609,আমি ট্রাইনার রেফার রেক… দিছি ১ মাস আগে এখন ও পেন্ডিং এ আছে
610,অ্যাডমিন পোস্ট
611,ভালো লাগলো ব্রো
612,আমি একটা পোস্ট করছি
613,জে২ রুট হবে।??
614,আমার কপি অপশন আসে না কি করবো ভাইয়া?
615,ভাই প্রোফাইল টার মেয়াদ কত দিন
616,একই প্রব্লেম
617,অ্যাপ টার লিংক দেন
618,কার নাম্বার মার্কেটটাতে এক্সসেপ্ট আমি ভাই
619,আবাল
620,২৪ আওয়ার পর নাকি ডেট চেঞ্জ হলে?? 
621,গুগল সার্চ দিলে পাওয়া যায়
622,এইচডি ফটো ডাউনলোড হবে নাকি লাক কোয়ালিটি ডাউনলোড হবে..
623,আমার তো টেলিগ্রাম একাউন্ট নাই 
624,এটা আমার কাছে ক্ষতি হাস্যকর মনে হচ্ছে
625,ইনশাল্লাহ পেয়ে যাবেন
626,"হুম, এসএস অ্যাড করে দিলে ভালো হয়, কেমন হবে বুঝতে সহজ হয়"
627,আচ্ছা ঠিক আছে 
628,আইপি পোর্ট দেন। ফর পিসি
629,১৪.৫.৪ বেটা ফেইজ এ আছে এখনো রিলিজ হয় নাই
630,লাস্ট দুইটা কমেন্ট ঢুক ট্রিকবিডি তে রিপ্লাই অপশন নাই
631,ভালো পোস্ট
632,আপনার ফেইসবুক আইডি?
633,নেক্সট পোস্ট এ পেয়ে যাবেন
634,আপনাকেও ধন্যবাদ
635,কেনো কি হইছে?
636,আপনি যে স্প্যাম্প করতেছেন সাবস্ক্রাইবার হওয়ার ইচ্ছা আছে না কি
637,আমারে ফোন দেন...
638,আমি কোনো টাকা পেলাম না
639,"ডেস্কটপ মোড এ ক্লিক করেন, না হলে হবে না।"
640,হুম। এটাও স্যামসাং এর ই। এটা অনেক ভালো।
641,"এর জন্য টাইম লাগবে ভাই, আর তাছাড়া আমি একটু সুস্থতা শেষি ভাবে।"
642,ইনভাইটএক্স একাউন্ট ক্রিয়েট নিয়ে পোস্ট করেন ভাই?
643,একটু খেলা করেন।
644,একাউন্ট ব্লক হবেনা..
645,গিভএফবি কমে?
646,এখন মোড ও পাওয়া যাবে না
647,আমার ওই সাইট আছে কিছু হিন্দি ডাবড মুভি… দেখেন।
648,আমাদের সপ এ ৩কে এ ডিজিট দেয়া হচ্ছে। ভিভো কোম্পানি থেকে তো ৩কে এ দিয়েন।
649,"এই পোস্ট আমি করেছি অনেক আগেই,,,আপনি কেন আবার করলেন,,ফাইজলাম নাকি? থাম্বনেইলটাও এক,, রিপোর্টেড"
650,হবে ভাই ট্রাই করুন..
651,"ভাই, আনলিমিটেড নাম্বার পাওয়ার কোনো প্রসেস আছে নাকি ? ই মিড, টেক্সটওয়েব, ২ন্ড লাইন এসব অ্যাপ দিয়ে রেফার করলে বোনাস পাওয়া যাবে ?"
652,এফবি আইডি লিংক দেন
653,ও তো মনে হয় হিন্দি
654,বেস্ট অ্যাপ এখনো ইউজ করি।
655,চার্জ ২%
656,ভালোই তবে প্লেয়ার পিক দেখা গেলে ভালো হতো
657,এটা অসাধারণ ফোন ভাই এই প্রাইস এ
658,আমি ইগলু লাইক করি
659,আমি ট্রাই করেছি।থ্যাংকসই কাজ করে।
660,ডাউনলোড লিংক ঠিক করেন ভাই। গুগল ড্রাইভ লিংক দেন.. ডাউনলোড করতে পারতেছিনা.. অনেক ঝামেলা
661,"হুম, বাট আমি নিজেই অনেক সেকেন্ডার প্যাক গ্রুপ করছি এই টাইপ মেইল দিয়ে"
662,বলি আমি কি এই পোস্ট শুধু আপনার জন্য করছি নাকি বুঝলাম না
663,মোবাইল দোকান ।কম এর রিভিউ টা কে নিশ্চয় মত লিখা এমন লাগছে
664,হুম আপডেট দিছে তাও হয় না…
665,খুবই মজা ভাই
666,আগে চিলিটি এর ভালো আইসক্রিম ছিল 
667,বললে তো হয় পাবো না টাকা লাগবে
668,এগুলা কাজ করেনা
669,"গুগল এই পাবেন, সার্চ করে দেখুন..."
670,এইটা অফলাইন এ ভাই
671,আপনি মেইল করেন ট্রিকবিডি সাপোর্ট কে।
672,জি
673,আমার ডাউনলোড হয় না কেন ? 
674,ওয়াইফাই হ্যাক এর ওয়াটারিং কোনো অ্যাপস থাকলে লিংক দিয়েন প্লিজ
675,এ মুভি ৮ এয়ার্স দেখছি কেউ যদি বইলেন আমি আপনার ওয়েবসাইট দিবো যাতে গুগল ড্রাইভ লিংক থাকে
676,আচ্ছা ভাই বুঝলাম যে নেভিগইন বার এ ফটো অ্যাড করার একটা পছন্দ আছে
677,আজাইরা ভাই অ্যাপ এর নাম বলেন প্লিজ....এটা তো প্লে স্টোর লিংক ডাউনলোড করতে সম্ভায় লাগবে....অ্যাপ নাম টা বলেন গুগল থেকে ডাউনলোড করবো।থ্যাংকস
678,"অ্যাপ ইন্সটল হয় না,,,"
679,আর সেটা ভালো কোয়ালিটি ভুল।নেট এই আছে।
680,আবাল
681,সেলফিন অ্যাপস এর ক্লিয়ার ডাটা করে আবার ট্রাই করুন
682,আমারটায় ইনবক্স এডগার্ড ডিএনএস আছে…
683,ডিরেক্ট ডাউনলোড লিংক কি বুঝেন?
684,আবাল তো মিয়া আপনে। 
685,সেল করা হবে?
686,ডাউনলোড দিতে গেলে অটো ইনস্টল হয়ে যাচ্ছে পরে কই আর খুঁজে পাচ্ছিনা ফাইল টাও খুঁজে পাইনা আর।আপন কি করবো তাহলে।
687,৬৪জিবি হলো ফোন স্টোরেজ
688,ইয়েস ব্রো এমবি লাগবে
689,আমার পোস্ট আছে দেখুন 
690,এক্স ফাইল মোড এপিকে লিংক টা দিন
691,আমার টাইটেল কপি করলেন??
692,কারো লাগলে কন্টাক্ট করেন
693,আসছেন আমারও ইন্ডিয়া ইসলাম প্রোফার করি
694,সব ইনফিনিক্স ফোন গুলো তেই ফিচারস গুলো পাবেন
695,এরর দেখায়
696,"ডাটা প্যাক লাগবে ডাউনলোড করতা,,"
697,২৫ টক এর জন্য এত কষ্ট!
698,আজব অ্যাপ্লাই হয় কি করে? আর গ্রুপ এর কথা অন্য পোস্ট এ বলতে পারতেন আর আপনার এই গ্রুপ এর চাইতে হাজার গুলা ভালো গ্রুপ এফবি তে আছে আর তারা সারার...
699,আগেও মনে করতে গেলে বাট খাইয়া ভুলে যাব। 
700,আজ হাহা রিড নেই বলে
701,গুগল প্লেস্টোর এ নেই কেন?
702,আমার ফোন এ ইনস্টল হয় না
703,১মব ইউজ করলে ১জিবি হইয়ে যায়
704,ক্রেডিট লাগবে
705,ফ্রি কল এর জন্য কিছু দিন প্লিজ
706,এই মুভি এর মতোন আমি মনে করে খারাপ মুভি নাই…এত খারাপ খাইনি মুভি
707,"ভোপি তে নিউ নাম্বার দিলাম কোড আসে না,,অ্যাপটা ক্লিয়ার করছি তাও কোড আসে না কেন?"
708,তাহলে এটাও জানেন না??
709,এত্ত তাড়াতাড়ি কেমনে সব গুলা ইউজড হয়ে গেলো বুঝলাম না ভাই
710,আপনি কীভাবে করেন?
711,এনিমে দেখি নাই
712,আমি ওয়াইফাই দিয়া ট্রাই করছি প্রথম পেজ আসে
713,আবাল কোথাকার 
714,সেরা ট্রিকলার মুভি রিভিউ চাই
715,ভালো লাগলো … সুন্দর পোস্ট।
716,এখন আর টেক্সটওয়েব তে একাউন্ট হচ্ছে না
717,হুম…সেটাও ঠিক কথা
718,এটা ফোন রিভিউ এর জায়গা না
719,ট্রাইস্ট অফ করে দিছে..
720,আর আপনার ভিডিও কই … লিংক এডিট করেন
721,"সার্চ দিয়ে দেখছিলাম, বাট পাইনি। লিংক দিয়েন। দেখবো না"
722,ড্রাইভ এ তো ফাইল আপলোড করতে পারছি না। ফাইল নট ফাউনলোড লেখা আসে
723,আর কি। কি বিকাশ আছে ভাবে ভাবে বিস্তারিত বিস্তারিত
724,আপনার ইন্টারনেট স্পিড এর উপর
725,হুম ভাই….বাট একটু…..
726,আপনি কি এটা ইউজ করছেন 
727,ধন্যবাদ ভাই
728,আপনি ভালো পোস্ট করেন বাট এইটা আমাকে ভালো লাগেনি
729,"খুব ভালো পোস্ট, অনেক উপকার হলো"
730,ভাই স্যার যারা মুভি এটা পাইলাম না
731,আপনার সাইট এর নাম বলেন
732,ভাইয়া ওয়ালটন ভিপিএন টা আমি নিতে চাইতেছি ।. ভাইয়া এটা এক টা কয় ঘন্টা স্ক্রিন করা যায় ? হাহা / লাগলে ? ক্যাটাগরি কেমন ? একটু যদি জানতেন তাহলে উপকার হতো
733,ভাই সস থাকলে কি অটোমো ব্রাউড হবে না.. অ্যাপটা এ যাইরা ফর সেট করতে হবে
734,ইনশাল্লাহ পোস্ট করে দিবো।
735,আচ্ছা দিন তো
736,লিংক এ গেলেই ডাউনলোড অপসন পাবেন ভাই
737,"ওয়াও,,গুড পোস্ট ভাই"
738,আবুল এর মতো কথা বলবেন না
739,দেখি পাই কিনা ??
740,এইসব বালের আপ বাদ দেন
741,একাউন্ট খুলার সাথে কি উইথড্র দিবো নাকি.. ৭দিন সেকেন্ড হলে?
742,জিবোর্ড এর সোর ভিপিএন এপ্লাইন না দেখায়
743,হ্যাক করে ক্রেডিট নিলে পয়েন্ট ওপেন হয়ে যায়
744,আমার কাছে ও আছে
745,ড্রাইভ লিংক এ এক্সেসিবিলিটি কে কেন?
746,ডার্ক ভিপিএন এর ফ্রি লিংক কারো কাছে থাকলে প্লিজ জানাবেন..
747,সে মুভিতে কাজ করতে রাইজা আছে
748,আগে ও হইছে পোস্ট
749,ভাই ভোস তো টেক্সট করবো কিভাবে?
750,অ্যাডমিন ভাই টিউনার করেন
751,স্প্যাম করা থেকে বিরত থাকুন
752,আচ্ছা ব্রো তাহলে এর থেকে মান হীন পোস্ট গুলো ডিলিট করিয়ে আসুন
753,ভাইয়া এই কম্পিউটার ডাউনলোড লিংক কেউ দিতে পারবেন ?
754,হুম সেটাই ব্রাউসার খুল করে ওপেন করলেই হয়...
755,ডাউনলোড লিংক এ ক্লিক করলে 
756,আপনি না বুঝলে আমার পেজ এসএমএস করুন… সত্যি দিবো...
757,ফুল প্রসেস আগের পোস্ট ফলো করুন ওটা লেখা আসবে না
758,আপনি কন্টাক্টর টাই হয়তো.. আপনি এক কাজ করেন এফবি তে আমাকে নক দেন..
759,টরেন্ট থেকে ডাউনলোড করতে পারেন
760,ইউটিউব এ তো লগ ইন করা যাচ্ছে না বলছে
761,দেখে ফেলতে পারেন
762,ডাউনলোড দেয়ার পর আপডেট চায়
763,প্রথম প্রথম ইমেজ এর গল্পের বেপার তো আছে
764,ভাই….. ২ টা লিংক দিছেন…… ২ টাই কি একই ভিপিএন
765,আপনি কি সত্যি বলছেন 
766,আপনি গুগল দেখেন ওল্ড ভার্সন আছে
767,ভাই ট্রিকবিডি টা লোগো আপডেট হয়ে গেছে আরো নতুন ফীচার অ্যাড করলে ভালো হতো
768,দু দিয়ে ইন্টারনাল অডিও রেকর্ড হই না
769,আমিও নিছি
770,এন্ড্রোয়েড আইডি চেঞ্জ করা উচিত
771,তোমি কি সত্যি থাকতে থাকো ?
772,এখন কি কন্ট্রিবিডির রিভিউ করতে পারে
773,এন্ড্রোয়েড লাগবে
774,চোপি করে পোস্ট পড়ে
775,লিখে সার্চ করুন তাহলেই পেয়ে যাবেন
776,আমার তো থাকে না ভাই
777,ভাইয়া....অটো লাইক অ্যাপ এর বিষয়ে পারলে কিছু লিখেন।
778,ওয়াইফাই ছাড়া গেম। আপডেট দিতে আবার বারটাই এমবি খোখ করা লাগে
779,অ্যাপ এর ডাউনলোড লিংক দেন ভাই
780,আমি পোস্ট করলাম বাট কেউ এপ্রুভ করছে না… কি করবো এখন…???
781,হা পাবেন তারাও পাবে
782,ভাই পোস্ট না পরেই ধন্যবাদ ভাই
783,আমি যে ১০০ মিনিট পাইছি
784,আমার স্যামসাং এ৫০ জন্য লাগবে 
785,এই টাইপ এর ফুল পছন্দ নষ্ট করে
786,আগে আমি যে করেছিলাম 
787,দারুন
788,ভাই...অ্যাপ তো ওপেন হয় না..এক্সপোর্টেড দেখায়...
789,"কমেন্ট এ নিজের সাইট লিংক পোস্ট করে ব্যান খেলতে পারে… একটা ভালো পোস্ট করে লিঙ্ক শেয়ার করো পোস্ট এ, নর প্রব্লেম।"
790,অ্যাপ ডাউনলোড লিংক দেন ভাই
791,এন্ড্রোয়েড এ কাজ হয় না…
792,ডাউনলোড হয় না ভাই…. ফাইল এ প্রব্লেম আসে নাকি
793,"আপডেট এ সব ঠিক হয়ে গেছে, এখন প্রব্লেম নেই"
794,আপনের ping টাও আছে
795,হ্যাঁ এখন হইছে!!
796,এই একাউন্ট থেকে পাইনায়ার আরে মাস্টার কার্ড নিয়ে যাবে না
797,১২ টাই অনলি এমবি দেয় 
798,হোয়াই এমবি নষ্ট হইলো ব্রো ডাউনলোড থ্যাংকস
799,আপনার ভালো না লাগলে শো করবেন না পোস্ট
800,আপনার ফেইসবুক লিঙ্ক দেন 
801,এন্ড্রোইড ভার্সন ৬ এ লেয়ার কাজ করবে ব্রো
802,আমি বুজতে পারি ব্রো….অনেক ঢুকতে পারি ব্রো….অনেক ঢুকতে পারি ব্রো…
803,কমেন্ট না করে পারলাম না
804,একটা অ্যাপ নামেট গাই যদি… আরেকটা অ্যাপ নাম্বারও লাগে তাহলে তো ভিতখ।
805,ফাস্ট মেই ডিভাইস…আপস টাই ইমেইল
806,১স্ট টায় কিনবেন শুধু 
807,"আমি আগে ভিতরে হই নাই ,এখন হতে পারবো"
808,ডিলিট করেন পোস্ট…
809,আমার টাইটেল কপি করলেন??
810,আজাইরা
811,এভাবে জানতাসি
812,ভাই কিভাবে মোড এপিকে করতে হয়…. ১টা প্লিজ অ্যাকাউন্ট মেইন করে কিভাবে আনলিমিটেড একাউন্ট বানানো যায় সেগুলো টিউটোরিয়াল দেন প্লিজ
813,মোড এপিকে তে বার বার ভিপিএন ডিক্রিনড হয় আবার অটোরিয়াল হই ১ সেকেন্ড পরে ডাউনলোড এ দেয়া যাচ্ছে না ….অনেও কোনো ওয়ে আছে??
814,লাগেলার অথর হইয়া এমন কীটার মতো কমেন্ট করবেন আগে ভাবি নাই
815,আমার পড়ার পরিমাণ নাই……
816,এই টাই তো এতো দিন ধরে আমি খুজতেছি ……
817,হুম ভাই… আগে কি সুন্দর দিন কাটেতাম
818,বেটারিং আছে অনেক
819,এ কেমন পোস্ট 
820,আপনাকে তো বলি নাই আমার ফাইল ডাউনলোড করতে। ইন্টারনেট এ অনেক টার্বো ভিপিএন পাবেন। ওইগুলা ইউজ করেন।
821,আগে ট্রাই করেন তার পর বালেন । এইটার ওয়ার্কিং ১০০%
822,আমিও। বাট জোনের ওয়ার্ক ক্যাপচার ৩ আসলে জানাবেন। ক্লিয়ার প্রিন্ট
823,ভাই লিংক আপডেট করা হইছে?
824,ওয়াও । ভাই আমাকে একটা এসএমএস এডার এর তো ব্লুট করে দিবেন প্লিজ
825,সরি ফর স্প্যাম
826,ভাইয়া ফাস্ট পার্ট এ একাউন্ট খোলার সময় কি নমুনার ইনফুলেশন দিতেই হবে…নাকি না দিলেও চলবে
827,ইউটিউব ভান্সড এর মেইন অ্যাপ থেকে ইনস্টল দিয়ে ইউজ করি আরো প্রায় ৬ মাস হলো.. থ্যাংকস ফর শেয়ার.. 
828,আমি যে ফাইল টা দিছি সেটা ডাউনলোড দিছেন তো..
829,আমি ও দেখছি ভাই। 
830,হচ্ছে না এখন
831,ইয়েস বাট ওইগুলা অনেক কষ্ট….এই অ্যাপ দিয়ে সেইম কাজ অনেক স্মুথ করা যায়
832,যাদের পেপাল নাই তারা এইগুলা ইউজ করতে পারেন ..
833,ড্রোয়েড এর সেটিং টা বলেন ভাই
834,"জি ভাই, আপনার পোস্ট ও ভালো হয়েছে।"
835,আপনি কতো টুকু জানেন আমি জানি না
836,অ্যাডস রিমুভ করবো কি করে ?
837,ভাই এসব কি শেয়ার করেন
838,"হুম.. ভাই তেলিয়ে দেন,,,"
839,৫-১৫ প্রায় 
840,"হুম, পারলে ওজন বাড়ানোর পোস্ট দেন"
841,এটা শুধু মাত্র শক্তার জন্য করা।
842,ফেইসবুক আইডি লিংক প্লিজ
843,যেভাবে পারচেজ হতেই
844,ক্রোম ইউজ করুন
845,ডায়মন্ড আরন করার অ্যাপস আছে…..
846,আপনি ট্রাই করে দেখেন 
847,ভাই... জিমেইল করছি
848,২ হেডফোন এ ২ গান চালিয়ে কোন পাগল এ শুনবে?
849,ভাই হয় না তো সব কিছু দিয়ে সাপোর্টেড
850,আচ্ছা ভাই আগের পোস্ট টার লিংক দিবেন.. প্লিজ
851,যারা যারা এক ফোন ২ একাউন্ট করছে তাদের আইপি ব্যান..
852,ফাইল গুলাকে কি করবো বলেন ভাই
853,আমার তো পুরাতই চলে 
854,টেস্টমাইটে এর মধ্যে দেন কোড
855,আপনি জানলে সবাই জানে না 
856,হুম আপনি ঠিক বলেছেন।আমিও কম বয়সনের মধ্যে একইজন।সবাইকে যদি হলো ট্রিকবিডি তে তো খারাপ পোস্ট দেয়া নিতেইছেলাম।বাট পরে মনে হলো ট্রিকবিডি তে তো খারাপ পোস্ট দেয়া নিতেইছেলাম।
857,ভাইয়া এটা ইনকাম এর সাইট না ।সবু মাত্র একটা পোস্টার জন্য কিছু টাকা দেয়।আপনি পোস্ট করলেই টাকা পাবেন
858,অ্যাডমিন পাঠান কি বারে হ্যাক করবো
859,আমার সেইম প্রব্লেম
860,আপনি আপনার লিংক এ দেখে দেখুন.. কিছু নাই..
861,৫.১ ভার্সন এর রুট নিয়া কেউ পোস্ট করেন 
862,ভাই এইসব কি পোস্ট…এইগুলা বাঁচা প্লিজ পাল্টান ও জানে..
863,আজব ব্যাপার…আমার এখানে কিভাবে ডাউনলোড হচ্ছে বুঝতাসি না
864,কোনটা থেকে পেইড ভার্সন?
865,সবই বাটপার কেউ টাকা দিয়ে প্রোপারত হবেন না।
866,একটা লিমিট থাকে…
867,হয় নাই
868,এই অ্যাপস এর মতো কাজ করবে এমন আরো কোনো অ্যাপস আছে?
869,ধন্যবাদ।
870,অ্যাডমিন ভাই পোস্ট এপ্রুভ করেন
871,"এই অ্যাপ টাই খুজতেছিলাম… থ্যাংক ইউ,, ভাই"
872,এই নিউ ডিরেক্ট ডাউনলোড লিংক গুগল ড্রাইভ
873,এইটা কোথায় বলছে ভাই
874,কি সম্ভ হচ্ছে বলেন?
875,আরও সাইট পোস্টক করা 
876,২ ফোন এই কি ওয়াইফাই এর রিয়েল স্পিড পাওয়া যাবে..??
877,আমিও দেখি তো আমার কাছে এটা একটু ফ্রি ফর্ম মনে হয় যদি আমি ঠিক ফ্যাক্ট করতে পারি না। আর হা আকাশের দিয়ে থাকলে বা বেশি ফিচারস হলে বেশি দেখি। আজ জানতে পারলে এটা আসলে কি। 
878,এখন আর কাজ করে না
879,এর থেকে বেস্ট কানেক্ট অনেক ভালো
880,"ভাই,,,,,,,ইউটিউব ভিপিএন মোডড করার একটা ভিডিও দেন,,,,,"
881,"ভাই এ টা তো ইন্সটল হয় না,"
882,৫০ জানেন তো কোনো প্রব্লেম হয় নাই 
883,জানি….ভাই
884,এই এমএক্স প্লেয়ার প্রো কাজ করেনা
885,অ্যামাজন প্রাইম এর টা দেন 
886,ডাউনলোড হয় না কেন
887,ধন্যবাদ ভাই সাথেই থাকুন
888,ভাই। ফটো দিয়া ডিলিট দিলে. ?? দেখা যাবে???
889,হা ভাই তারপর বড়ো কথায়
890,হুম পসিবল বাট
891,আসাআমিলামি…!!! আমি আপনার সাথে কিছু শেয়ার করতে আশা করি…!!! যা এইচটিএমএল করার জন্য সুবিধা হতে পারে.... আপনার সাথে কিভাবে গেমিং করবো???
892,আদায় ভাই…এটা জিনিস জানার ছিল
893,মালাই আইসক্রিম টা প্রিয় আমার
894,জানি না কেন বানাইছে
895,দেখে তো মনে মনে হচ্ছে সব ফোন এর সিস্টেম
896,যে একাউন্ট টি রেফার করতেছেন সেটা দিয়ে রিচার্জ করবেন।
897,ব্রো আজকে শোলে এটা অনেক
898,ভাই আমাদের তো আমাদের আইটেল ইট আর বিভার্চুয়াল লাইন না তারা বলছি তাদের ওয়াইফাই ইউজ করে ডেইলি ৩ আওয়ার নাকি কথা বলা যাবে কিন্তু আমার এই অ্যাপ টা কিনা জানি না
899,লিংক তো ভাই ঠিক আছে.. তবে মাঝে হয়তো ওদের সার্ভার সমস্যা হয়!!
900,ভাই পুশপা মুভি র জিপ্রেস লিংক হবে?
901,জিনিড আমি.. কিন্তু পাব না ভাবে…
902,"আমি নিজেই আসত,আর অন্যের কথা কি বলি ?"
903,ইনস্টল হয় না এস৭ এক্সেস এ
904,আছে মেইবি! ডাটাতে হবে
905,ভাইয়া আমার কাছে এমবি নেই হয়তো বা গুগল বা পাঠাতে পারতে পারেন লিংক খুঁজে যে দিবো আমার কাছে বড়ো মারে এমবি নেই ব্রো ডাউনলোড ভাইয়া এত সুন্দর একটা কমেন্ট করার জন্য
906,পিসিজি অ্যাপ দেয়া চেক করেন
907,আগে থেকেই জানি ব্রো
908,এটা কি সত্যি নাকি
909,ফ্রি নাকি
910,এইরকম আরো মুভি চাই
911,ভিউ অল সাবস্ক্রাইভ থেকে পেলাম। থ্যাংকস ভাইয়া।
912,আপনি ট্রাই বুঝেন না 
913,"গুগল প্লে স্টোর কার্ড টা অ্যাপ্লাই করে না ,"
914,কিভাবে মোড ক্রিয়েট করবো ভাই??
915,যে কোনো তাই
916,ডাউনলোড হচ্ছে না তো..
917,আমি অনেক আগে থেকে ইউজ করি
918,এসব অ্যাপ ভাইরাস থেকেও ক্ষতিকর প্রায় ৭৭% র‍্যাম খেলে পেলে এই সার্ভিস ওই সিস্টেম অল টাইম ব্যাকগ্রাউন্ড এ চলতে থাকে..
919,রিয়েলমি’র অফিসিয়াল সাইট থেকে ও চেক করতে পারবেন..
920,একাউন্ট এ লগ ইন করতে গেলে এটা লেখা আসতেছে…
921,হাস্যাঁ অনেক উপকারী পোস্ট
922,এই অপসন গুলো স্যামসাং ৮ ভার্সন টাকা কাজ করে শুধু
923,"ওপস, মাইকসওয়ার্ড ওয়ানড! প্লিজ ট্রাই এটা লিখা আসে কেন??"
924,এই মুভি টা ওতো টা ভালো লাগে নি
925,১ নাম্বার টা ভার্সন ১.৫.৫
926,ভাই টেস্ট টাইম অ্যাপ টার লিংক টা দেন ভাই
927,এরর আসে
928,ভাইয়া ডিভাইস নট কম্পিউটার দেখাই……. এন্ড্রোইড ভার্সন ৭.১.২
929,হাসতে হাসতে যায় বাল
930,আপনার এফবি আইডি দেন
931,এন্ড্রোয়েড দিয়ে নেট কানেক্ট করবেন।
932,"ভাই লিংক ঠিক আছে, ডাউনলোড হয় না"
933,সত্যি মোড
934,হয় না।এখন ৫$ দিয়া কিছু প্যাক??
935,আমি নিউ ট্রিক পাইছি
936,"কাজ করে না ভাই এসব ফেইক। রুট কাস্টার চার্জার কিছু ফোন এ এই ভিতরকার র‍্যাম দিছে, এটা এমনি তে রুট চার্জার সম্ভব না।"
937,আমি আপলোড করে দিয়েছি
938,লিংক কাজ করে না
939,ফালতু পোস্ট
940,এখন তো নতুন করে হচ্ছে না ফ্রি। আগে ফ্রি ট্রায়াল ৭ডে ছিল
941,আবুল পোস্ট ডিসেবল হয়ে যায়
942,ভাই..আমার ডেন্ট রেডমিন করে গেলে হয়না…এখানে পিক টা দিতাম..অনেকনে পিক টা দিতাম..অনেকই আপনার এফবি আইডিটা দিবেন..অনেকনে পিক টা দিতাম..আর সল্যুশন টা নিতাম..আর সল্যুশন টা নিতাম..আর সল্যুশন টা নিতাম..আর সল্যুশন টা নিতাম..আর সল্যুশন টা নিতাম..আর সল্যুশন টা নি
943,ক্যাশব্যাক এর মেসেজ কই 
944,মিউজিকলেট ছাড়া বাকি গুলা কাজের না
945,বাংলালিংক যা নাকি …
946,আরে ভাই একটা ও ভালো না।
947,এইসব গুগল অ্যাপ এ ও আছে
948,আমি এরকম সমস্যা দেখলে অবশ্যই তার সমাধান সব একটা টিউনার করবো
949,এডু ইমেইল পাইছি..
950,২টা টপক কে মিস্ট করে যোগা করি না বানায় ২টা আলাদা আলাদা পোস্ট করেন
951,ফ্রি অ্যাপস হলে ভালো হতো
952,অ্যাপস টা বাকি কই দিন আগে ইউজ করলাম…… থাঙ্কস শিরার করার জন্য…….
953,কি সম্মানসা?
954,এখন কার কিছু ফোন আছে যা এই কোড কাজ করে না… সাউন্ড আমার ফোন এ এই কোড কাজ করতো না.. তাই এই অ্যাপস..
955,ভালো অ্যাপ
956,৩ টা ফেইক পেপাল একাউন্ট খুললে 
957,সরি দেয়া আছে
958,ডাউনলোড লিংক ওয়ার্ক করলো কই??
959,আমি কিছু দোখে কনট চাই। কেউ সেল করলে মেসেজ মে।
960,ভাই প্লিজ ডাব এর লিংক দেন
961,এ-স্ক্রাইম অ্যাপ অ্যাডমিন এন্ড ইউজারফাইল টা হবি ব্রো।?
962,ফেইসবুক এ নক দিন
963,বলতেসি আপনি কি আমার রেফার 
964,ভাই আপনার সাথে ইম্পোর্টে কথা আছে। আপনার এফবি আইডি লিংকটা দিবেন।
965,আগে তো নিজে ইউজ করে দেখি রে ভাই। তারপর পোস্ট করো
966,আজকে আরও পোস্ট করলাম দেখি অ্যাডমিন কি করে ।?
967,জী বাংলা আছে? বানার মেয়েজারে দেখবে
968,ওয়াও ব্রো অসাধারণ পোস্ট
969,এই অপশন আমার ফোন এ নাই 
970,আমি কবে দেখেই শেষ করে ফেলছি
971,এটা কি সেফ নাকি ডাটা লিংক হওয়ার চেঞ্জ আছে
972,বেশি সাইজ এর এডিটর এর জন্য মনে হয় কোডিং এটা থাকে??
973,আমিতো স্পিড ভালোই পাইছি ভাই….
974,ভিডিওডার কি প্রিমিয়াম ভার্সন ভাই…?
975,এটা নিয়ে আরো পোস্ট আছে ট্রিকবিডি তে… এটা অনেক আগেই ট্রাই করেছিলাম বাট সব ডিভাইস এ চলে না…
976,আপনি কি সাকিব ?
977,হুম
978,ইন্টারনেট এ সার্চ করলেই আপনি ফুল ডিটেইলস দেখতে পারবেন।
979,ইয়েস বাংলাদেশ আইপি ভিপিএন লাগবে কেউ ফাস্ট পোস্ট করেন
980,এটাও অফিসিয়াল
981,লিংক এ কাজ করে না
982,হুম ব্রো। 
983,গুড। প্লে স্টোর অ্যাড হলে ডাউনলোড করছি
984,হবে আপনার ইচ্ছা
985,ভাই আপনার নাম্বার টা দেন আপনার সাথে কিছু বিষয় নিয়ে কথা বলতে চাই.. ভিউ ইম্পলিউটার...
986,হবে
987,বাংলা ফন্ট তার নাম কি?
988,আগে মেগা তে গেলে কোনো কিছুই অথর না।
989,আপনি আপনার স্পীড চেক করে দেখেন।
990,এই লিংক এ যান।
991,ভাইয়া আমার ফোন ২/৩২…এখন এইভাবে ৩জিবি বা ৪জিবি র‍্যাম বাড়িয়ে কি কোনো প্রব হবে? আমার ফোন এ এখনো ২০জিবি রম ফরম ফাজলা আছে..
992,এন্ড্রোয়েড ৪.৪.২ কি ম্যাজিস দিয়ে রুট হবে
993,আমি লিখি মুভি টা ভালো হবে তোও
994,কোন পোস্ট বুঝতে আগের ??
995,বালের পোস্ট আইডি আমার ৫টা শেষ
996,ফ্রি ভিপিএন কানেক্ট করে লিংক থেকে মোডডড ভার্সন টা ইউজ করুন কাজ করবে।
997,ভাই কাজ কেম পাচ্ছেন না ??
998,আপনি গুগল দেখেন ওল্ড ভার্সন আছে
999,রেফার হ্যাক করলে রেফার অ্যাড হবে?
1000,আপনি যদি ভিডিও দেখেউ ডাউনলোড লিংক আনলক করতে
1001,আপনার ফোনের স্টোরেজ কমেন্টে ১ জিবি ফ্যাকটা থাকতে হবে
